Username,Profile URL
phongnhathichnhay,https://www.tiktok.com/@phongnhathichnhay
bs.hoanghai,https://www.tiktok.com/@bs.hoanghai
suthatnhakhoa,https://www.tiktok.com/@suthatnhakhoa
nhakhoavicsdental,https://www.tiktok.com/@nhakhoavicsdental
bacsidinhduc,https://www.tiktok.com/@bacsidinhduc
nkvietphap,https://www.tiktok.com/@nkvietphap
danphuongreview,https://www.tiktok.com/@danphuongreview
thuysgn,https://www.tiktok.com/@thuysgn
shinlazyshin,https://www.tiktok.com/@shinlazyshin
niengrang_tamdentist,https://www.tiktok.com/@niengrang_tamdentist
